{
  "epochs": 10,
  "best_epoch": 8,
  "best_macro_f1": 0.28411436236528276,
  "final_macro_f1": 0.26699395965195916,
  "final_torchmetrics_f1": 0.2669939696788788,
  "train_losses": [
    1.868634363130338,
    1.706554033852726,
    1.5222136726269144,
    1.518921717742964,
    1.5162927339531782,
    1.4295560820943358,
    1.3626735351678263,
    1.4347173282176773,
    1.4504364094982258,
    1.373146017162786
  ],
  "val_losses": [
    1.9491611313203285,
    1.4950376923741966,
    1.471541709941009,
    1.3529680114367912,
    1.4378021441656967,
    1.3310726783398925,
    1.3396985607928242,
    1.3363137044783295,
    1.26333456152472,
    1.2644663596975392
  ],
  "val_macro_f1s": [
    0.1547394003715094,
    0.2819831066466895,
    0.24400053595880844,
    0.2596294780245586,
    0.26843772404614086,
    0.2683021554147528,
    0.24671609668979863,
    0.2793582992291676,
    0.28411436236528276,
    0.26699395965195916
  ],
  "val_torchmetrics_f1s": [
    0.1547394096851349,
    0.2819831073284149,
    0.24400053918361664,
    0.2596294581890106,
    0.2684377431869507,
    0.26830214262008667,
    0.24671611189842224,
    0.27935829758644104,
    0.28411436080932617,
    0.2669939696788788
  ],
  "per_class_precision": [
    0.4101796407185629,
    0.0,
    0.046632124352331605,
    0.9518746502518187,
    0.891846921797005,
    0.0,
    0.0,
    0.0
  ],
  "per_class_recall": [
    0.7287234042553191,
    0.0,
    0.6716417910447762,
    0.7072765072765073,
    0.5929203539823009,
    0.0,
    0.0,
    0.0
  ],
  "per_class_f1": [
    0.5249042145593871,
    0.0,
    0.0872093023255814,
    0.8115458015267176,
    0.7122923588039869,
    0.0,
    0.0,
    0.0
  ],
  "class_names": [
    "Tree cover",
    "Shrubland",
    "Grassland",
    "Cropland",
    "Built-up",
    "Bare/sparse",
    "Water",
    "Herbaceous wetland"
  ],
  "num_classes": 8
}